ID1,MAT.slope,MAT.p,Tsum.slope,Tsum.p,Twin.slope,Twin.p,MAP.slope,MAP.p,Psum.slope,Psum.p,PAS.slope,PAS.p
Bac208,0.021307431390687498,9.603654977081711e-4,0.019494295405488388,0.11862625822792333,0.024748689485044356,0.0450548777153173,0.6038852913969159,0.858916666687819,-0.7832254085722842,0.2586879787299394,-2.638482886216438,0.008834382179496935
Cari280,0.021258094357076752,0.0014447956210234592,0.016059204440332646,0.22818793673658416,0.025211224175146162,0.04309278869611744,-0.3316065371568973,0.9365827802322664,-0.8008017267961457,0.35300064287050226,-5.92506938020344,0.07854993869114087
Easy456,0.02169596053037302,0.0017745539853387196,0.014751773049645018,0.28748846471583683,0.02610545790934289,0.04793890489970026,-0.6058587727412613,0.8391033609052923,-0.49182855380817986,0.45157818173625197,-4.244588344125758,0.10840355150573765
Ross3020,0.022898550724637617,8.09246434969849e-4,0.019118100524205584,0.15184547923503622,0.026136293555349625,0.0521569424589786,-0.19253777366628688,0.9531583582579769,-0.8226950354609609,0.29538829990570786,-5.292383595436253,0.033715727273082995
Sour4003,0.021714461917977053,0.0014793921942597176,0.01631205673758828,0.22244872074878108,0.025852605612087198,0.049348202050294256,-0.314708603145189,0.9163391113288575,-0.5367252543940587,0.32353865658350023,-4.556275053962328,0.01436707861969459
